StartTime,EndTime,Model_num,this_comp,this_eta,this_vwt,this_gamma,n_theta,n_omega,Est_time,Cov_time,Success,Status,Covar,Iterations,Algorithm,Good_inits,log_path,control_file,data_set,nparms,messages,TVVmax,TVKM,TVV,TVKA,CVVmax,RMSE,MAE,crash
2024-10-30 13:01:41,2024-10-30 13:02:09,1,0,0,0,0,5,1,7.125,3.891,TRUE,1,TRUE,31,Standard,TRUE,D:/JC/ADPOBenchmark/NLME/1/Run1/nlme7engine.log,D:/JC/ADPOBenchmark/nlme/1/Run1.mmdl,..\\..\\data\\sim_0_0_0_0.csv,6,1,4867.41298902262,1433.60871733774,42.1343717600788,1.20280066576947,0.10062525490896,1.07239111671526,0.571535029643419,FALSE
2024-10-30 13:02:09,2024-10-30 13:02:37,2,0,1,0,0,5,2,7.172,7.078,TRUE,1,TRUE,16,Standard,TRUE,D:/JC/ADPOBenchmark/NLME/2/Run2/nlme7engine.log,D:/JC/ADPOBenchmark/nlme/2/Run2.mmdl,   ..\\..\\data\\sim_0_1_0_0.csv,7,1,4709.51107631837,1343.60032387273,43.2816498588912,0.930418641767067,0.0904975132553749,1.62293928126551,0.698080567350344,FALSE
2024-10-30 13:02:37,2024-10-30 13:03:23,3,0,2,0,0,5,3,20.203,12.281,TRUE,1,TRUE,32,Standard,TRUE,D:/JC/ADPOBenchmark/NLME/3/Run3/nlme7engine.log,D:/JC/ADPOBenchmark/nlme/3/Run3.mmdl,   ..\\..\\data\\sim_0_2_0_0.csv,8,1,4270.83111810915,1185.91168791196,45.3976179309464,1.12691893973582,0.0964788008745083,1.75771179286791,0.702163605197111,FALSE
2024-10-30 13:03:23,2024-10-30 13:04:27,4,0,3,0,0,5,4,32.656,18.609,TRUE,1,TRUE,35,Standard,TRUE,D:/JC/ADPOBenchmark/NLME/4/Run4/nlme7engine.log,D:/JC/ADPOBenchmark/nlme/4/Run4.mmdl,   ..\\..\\data\\sim_0_3_0_0.csv,9,1,4494.37197410874,1250.78001530931,41.755151687606,0.913841502146557,0.138735222464754,3.2370260240601,0.972436493195766,FALSE
2024-10-30 13:04:27,2024-10-30 13:05:00,5,0,4,0,0,5,3,12.844,9.562,TRUE,1,TRUE,28,Standard,TRUE,D:/JC/ADPOBenchmark/NLME/5/Run5/nlme7engine.log,D:/JC/ADPOBenchmark/nlme/5/Run5.mmdl,   ..\\..\\data\\sim_0_4_0_0.csv,8,1,5036.73962840789,1480.8807736468,43.8123785883392,0.93230511072153,0.104826653790006,0.887469405170092,0.525929456709011,FALSE
2024-10-30 13:05:00,2024-10-30 13:06:44,6,0,5,0,0,5,6,70.406,21.641,TRUE,1,TRUE,77,Standard,TRUE,D:/JC/ADPOBenchmark/NLME/6/Run6/nlme7engine.log,D:/JC/ADPOBenchmark/nlme/6/Run6.mmdl,   ..\\..\\data\\sim_0_5_0_0.csv,11,1,6724.06532200265,2191.45168883885,43.492902080495,0.963312987168312,0.770465007428694,1.25025281380446,0.567673716351143,FALSE
2024-10-30 13:06:44,2024-10-30 13:09:51,7,1,0,0,0,7,1,166.547,9.359,TRUE,3,TRUE,113,Standard,TRUE,D:/JC/ADPOBenchmark/NLME/7/Run7/nlme7engine.log,D:/JC/ADPOBenchmark/nlme/7/Run7.mmdl,   ..\\..\\data\\sim_1_0_0_0.csv,8,3,6519.81256041765,2043.8102437744,4.21695118437684,0.117553232703808,0.145558847134547,0.546377280243439,0.416259595384188,FALSE
2024-10-30 13:09:51,2024-10-30 13:17:33,8,1,1,0,0,7,2,387.156,57.922,TRUE,3,TRUE,101,Standard,TRUE,D:/JC/ADPOBenchmark/NLME/8/Run8/nlme7engine.log,D:/JC/ADPOBenchmark/nlme/8/Run8.mmdl,   ..\\..\\data\\sim_1_1_0_0.csv,9,3,4753.46753590345,1324.58400162126,38.0053224559214,0.90291148989388,0.0866181865690546,0.606213309176522,0.41955085747135,FALSE
2024-10-30 13:17:33,2024-10-30 13:41:41,9,1,2,0,0,7,3,1246.484,184.766,TRUE,3,TRUE,151,Standard,TRUE,D:/JC/ADPOBenchmark/NLME/9/Run9/nlme7engine.log,D:/JC/ADPOBenchmark/nlme/9/Run9.mmdl,   ..\\..\\data\\sim_1_2_0_0.csv,10,3,3981.63614336492,1042.66524371517,59.8907604311321,1.35257473377786,0.109129636891119,0.856382331932278,0.492368140371047,FALSE
2024-10-30 13:41:41,2024-10-30 13:45:11,10,1,3,0,0,7,4,161.516,35.016,TRUE,1,TRUE,87,Standard,TRUE,D:/JC/ADPOBenchmark/NLME/10/Run10/nlme7engine.log,D:/JC/ADPOBenchmark/nlme/10/Run10.mmdl,   ..\\..\\data\\sim_1_3_0_0.csv,11,1,4082.75784120481,1064.31769264395,22.173747943805,0.441614585352913,0.120987061314348,1.53031000467151,0.546742384884581,FALSE
2024-10-30 13:45:11,2024-10-30 13:54:01,11,1,4,0,0,7,3,428.25,87.531,TRUE,3,TRUE,76,Standard,TRUE,D:/JC/ADPOBenchmark/NLME/11/Run11/nlme7engine.log,D:/JC/ADPOBenchmark/nlme/11/Run11.mmdl,   ..\\..\\data\\sim_1_4_0_0.csv,10,3,4122.70005512552,1072.26982650236,39.0723507287349,0.930120142816111,0.0912287992640178,0.549252320718204,0.409659751414624,FALSE
2024-10-30 13:54:01,2024-10-30 14:16:57,12,1,5,0,0,7,6,1107.047,256,TRUE,3,TRUE,96,Standard,TRUE,D:/JC/ADPOBenchmark/NLME/12/Run12/nlme7engine.log,D:/JC/ADPOBenchmark/nlme/12/Run12.mmdl,   ..\\..\\data\\sim_1_5_0_0.csv,13,3,5763.62267826791,1629.54767786315,61.6554466226446,1.32096502900716,0.580915752599012,0.648871561178883,0.417836876166856,FALSE
2024-10-30 14:16:57,2024-10-30 14:17:59,13,2,0,0,0,9,1,40.562,9.156,TRUE,1,TRUE,68,Standard,TRUE,D:/JC/ADPOBenchmark/NLME/13/Run13/nlme7engine.log,D:/JC/ADPOBenchmark/nlme/13/Run13.mmdl,   ..\\..\\data\\sim_2_0_0_0.csv,10,1,18301.3920117182,2968.07273656798,79.4104838000617,2.04286425288351,0.0460738436947064,0.493058008962302,0.390021403692206,FALSE
2024-10-30 14:17:59,2024-10-30 14:22:39,14,2,1,0,0,9,2,245.906,22.391,TRUE,1,TRUE,168,Standard,TRUE,D:/JC/ADPOBenchmark/NLME/14/Run14/nlme7engine.log,D:/JC/ADPOBenchmark/nlme/14/Run14.mmdl,   ..\\..\\data\\sim_2_1_0_0.csv,11,1,3702.95336556979,665.799370334614,71.5501766297993,1.30777419078186,0.0661221970296721,0.472270520267718,0.378863277610491,FALSE
2024-10-30 14:22:39,2024-10-30 14:28:35,15,2,2,0,0,9,3,302.828,39.922,TRUE,3,TRUE,125,Standard,TRUE,D:/JC/ADPOBenchmark/NLME/15/Run15/nlme7engine.log,D:/JC/ADPOBenchmark/nlme/15/Run15.mmdl,   ..\\..\\data\\sim_2_2_0_0.csv,12,3,2437.64035608547,191.64422253846,67.896875980694,1.35746436160952,0.0361370807158938,0.49397610590519,0.403078989272802,FALSE
2024-10-30 14:28:35,2024-10-30 14:35:12,16,2,3,0,0,9,4,335.594,49.688,TRUE,1,TRUE,97,Standard,TRUE,D:/JC/ADPOBenchmark/NLME/16/Run16/nlme7engine.log,D:/JC/ADPOBenchmark/nlme/16/Run16.mmdl,   ..\\..\\data\\sim_2_3_0_0.csv,13,1,7965.16930279634,2251.14662224585,77.958342656911,1.4556050437443,0.133791356667325,0.488123759279699,0.381639894526558,FALSE
2024-10-30 14:35:12,2024-10-30 14:38:00,17,2,4,0,0,9,3,126.203,29.156,TRUE,1,TRUE,105,Standard,TRUE,D:/JC/ADPOBenchmark/NLME/17/Run17/nlme7engine.log,D:/JC/ADPOBenchmark/nlme/17/Run17.mmdl,   ..\\..\\data\\sim_2_4_0_0.csv,12,1,7257.4296342984,805.994327163229,75.9651420191719,1.37665277182122,0.0540024066640036,0.470879506678394,0.378580897509941,FALSE
2024-10-30 14:38:00,2024-10-30 14:46:40,18,2,5,0,0,9,6,466.297,41.938,TRUE,3,TRUE,214,Standard,TRUE,D:/JC/ADPOBenchmark/NLME/18/Run18/nlme7engine.log,D:/JC/ADPOBenchmark/nlme/18/Run18.mmdl,   ..\\..\\data\\sim_2_5_0_0.csv,15,3,1626.38649456489,106.93530381975,75.5862195271758,1.48608919332056,0.151307825279521,0.497286604035733,0.403578629404796,FALSE
2024-10-30 14:46:40,2024-10-30 14:47:04,19,0,0,1,0,6,1,6.547,5.125,TRUE,1,TRUE,26,Standard,TRUE,D:/JC/ADPOBenchmark/NLME/19/Run19/nlme7engine.log,D:/JC/ADPOBenchmark/nlme/19/Run19.mmdl,   ..\\..\\data\\sim_0_0_1_0.csv,7,1,5255.05319140601,1616.70687563975,42.5212707561773,1.20348476230386,0.0955559019052792,0.90334720244416,0.532957456973039,FALSE
2024-10-30 14:47:04,2024-10-30 14:47:35,20,0,1,1,0,6,2,10.156,9.109,TRUE,1,TRUE,24,Standard,TRUE,D:/JC/ADPOBenchmark/NLME/20/Run20/nlme7engine.log,D:/JC/ADPOBenchmark/nlme/20/Run20.mmdl,   ..\\..\\data\\sim_0_1_1_0.csv,8,1,4572.93795216066,1256.5471872407,42.3079491384054,0.928806821631136,0.100541643609166,2.11552533648957,0.814265716572478,FALSE
2024-10-30 14:47:35,2024-10-30 14:48:32,21,0,2,1,0,6,3,30.875,14.016,TRUE,1,TRUE,40,Standard,TRUE,D:/JC/ADPOBenchmark/NLME/21/Run21/nlme7engine.log,D:/JC/ADPOBenchmark/nlme/21/Run21.mmdl,   ..\\..\\data\\sim_0_2_1_0.csv,9,1,4276.97703004014,1186.80090987515,45.9242059915916,1.14223434415884,0.0941726387567677,1.61480595563961,0.652417285801758,FALSE
2024-10-30 14:48:32,2024-10-30 14:49:37,22,0,3,1,0,6,4,31.531,21.734,TRUE,1,TRUE,33,Standard,TRUE,D:/JC/ADPOBenchmark/NLME/22/Run22/nlme7engine.log,D:/JC/ADPOBenchmark/nlme/22/Run22.mmdl,   ..\\..\\data\\sim_0_3_1_0.csv,10,1,4212.85637110952,1138.9917394852,42.5735478014123,0.937027838518142,0.144243661478113,3.19000407298847,0.968749620633521,FALSE
2024-10-30 14:49:37,2024-10-30 14:50:13,23,0,4,1,0,6,3,14.5,10.922,TRUE,1,TRUE,28,Standard,TRUE,D:/JC/ADPOBenchmark/NLME/23/Run23/nlme7engine.log,D:/JC/ADPOBenchmark/nlme/23/Run23.mmdl,   ..\\..\\data\\sim_0_4_1_0.csv,9,1,5089.11174536833,1495.81505480907,43.3123828972985,0.918743859936028,0.106880942512278,1.16350220544049,0.576851097654942,FALSE
2024-10-30 14:50:13,2024-10-30 14:52:49,24,0,5,1,0,6,6,118.078,23.422,TRUE,3,TRUE,122,Standard,TRUE,D:/JC/ADPOBenchmark/NLME/24/Run24/nlme7engine.log,D:/JC/ADPOBenchmark/nlme/24/Run24.mmdl,   ..\\..\\data\\sim_0_5_1_0.csv,12,3,5130.55362240767,1504.78119872578,43.815145875703,1.04792470740535,0.341092465167583,1.19035693607867,0.550598118037057,FALSE
2024-10-30 14:52:49,2024-10-30 14:55:01,25,1,0,1,0,8,1,109.453,10.828,TRUE,3,TRUE,82,Standard,TRUE,D:/JC/ADPOBenchmark/NLME/25/Run25/nlme7engine.log,D:/JC/ADPOBenchmark/nlme/25/Run25.mmdl,   ..\\..\\data\\sim_1_0_1_0.csv,9,3,10871.7207712259,3837.53718260604,3.86260400564977,0.109763230405182,0.155425229056335,0.562451897460549,0.423767737894991,FALSE
2024-10-30 14:55:01,2024-10-30 14:59:09,26,1,1,1,0,8,2,168.109,66.391,TRUE,3,TRUE,36,Standard,TRUE,D:/JC/ADPOBenchmark/NLME/26/Run26/nlme7engine.log,D:/JC/ADPOBenchmark/nlme/26/Run26.mmdl,   ..\\..\\data\\sim_1_1_1_0.csv,10,3,5003.96183906957,1404.12408261188,40.4373422938427,0.901962332721221,0.0854314553348137,0.64823562611913,0.435465571072904,FALSE
2024-10-30 14:59:09,2024-10-30 15:14:46,27,1,2,1,0,8,3,767.109,154.625,TRUE,1,TRUE,92,Standard,TRUE,D:/JC/ADPOBenchmark/NLME/27/Run27/nlme7engine.log,D:/JC/ADPOBenchmark/nlme/27/Run27.mmdl,   ..\\..\\data\\sim_1_2_1_0.csv,11,1,3996.53460076658,1055.87867639081,69.369215776336,1.44886778952809,0.111455127063055,0.725281202291284,0.463114080605875,FALSE
2024-10-30 15:14:46,2024-10-30 15:38:06,28,1,3,1,0,8,4,1115.859,267.547,TRUE,3,TRUE,119,Standard,TRUE,D:/JC/ADPOBenchmark/NLME/28/Run28/nlme7engine.log,D:/JC/ADPOBenchmark/nlme/28/Run28.mmdl,   ..\\..\\data\\sim_1_3_1_0.csv,12,3,4180.30796764889,1120.08773639733,30.0815128115982,0.850322922168419,0.138168183590289,1.61532617483849,0.562786240779879,FALSE
2024-10-30 15:38:06,2024-10-30 16:00:47,29,1,4,1,0,8,3,792.172,554.328,TRUE,1,TRUE,67,Standard,TRUE,D:/JC/ADPOBenchmark/NLME/29/Run29/nlme7engine.log,D:/JC/ADPOBenchmark/nlme/29/Run29.mmdl,   ..\\..\\data\\sim_1_4_1_0.csv,11,1,4549.99687033024,1220.89949595228,70.8010173844336,1.22713066208986,0.0987860025398783,0.531706756494483,0.399830203760627,FALSE
2024-10-30 16:00:47,2024-10-30 16:14:59,30,1,5,1,0,8,6,798.625,38.172,TRUE,3,TRUE,174,Standard,TRUE,D:/JC/ADPOBenchmark/NLME/30/Run30/nlme7engine.log,D:/JC/ADPOBenchmark/nlme/30/Run30.mmdl,   ..\\..\\data\\sim_1_5_1_0.csv,14,3,4033.58956567587,973.029002297035,20.4325021812715,0.376157688926111,0.392017910918786,0.622908585913461,0.414357063877093,FALSE
2024-10-30 16:14:59,2024-10-30 16:16:29,31,2,0,1,0,10,1,68.172,10.438,TRUE,1,TRUE,82,Standard,TRUE,D:/JC/ADPOBenchmark/NLME/31/Run31/nlme7engine.log,D:/JC/ADPOBenchmark/nlme/31/Run31.mmdl,   ..\\..\\data\\sim_2_0_1_0.csv,11,1,13658.7834226971,2922.78946877957,79.6793738596521,2.08033543090231,0.0849211917397404,0.492707825960894,0.390029541842578,FALSE
2024-10-30 16:16:29,2024-10-30 16:20:48,32,2,1,1,0,10,2,222.844,24.203,TRUE,3,TRUE,145,Standard,TRUE,D:/JC/ADPOBenchmark/NLME/32/Run32/nlme7engine.log,D:/JC/ADPOBenchmark/nlme/32/Run32.mmdl,   ..\\..\\data\\sim_2_1_1_0.csv,12,3,3333.34318639319,737.635895177664,69.0482090312659,1.24745960148994,0.0923706995343312,0.473143002294944,0.379597852195219,FALSE
2024-10-30 16:20:48,2024-10-30 16:26:03,33,2,2,1,0,10,3,270.172,31.656,TRUE,1,TRUE,128,Standard,TRUE,D:/JC/ADPOBenchmark/NLME/33/Run33/nlme7engine.log,D:/JC/ADPOBenchmark/nlme/33/Run33.mmdl,   ..\\..\\data\\sim_2_2_1_0.csv,13,1,2004.98690220797,136.12202272116,72.7607871006331,1.38036422644293,0.0378920694946732,0.494679552150806,0.404782324673417,FALSE
2024-10-30 16:26:03,2024-10-30 16:35:25,34,2,3,1,0,10,4,508.938,40,TRUE,1,TRUE,183,Standard,TRUE,D:/JC/ADPOBenchmark/NLME/34/Run34/nlme7engine.log,D:/JC/ADPOBenchmark/nlme/34/Run34.mmdl,   ..\\..\\data\\sim_2_3_1_0.csv,14,1,17866.4796464746,5811.43253833039,82.5177735185437,1.47722124101495,0.129187486360693,0.491212001296522,0.379179299064958,FALSE
2024-10-30 16:35:25,2024-10-30 16:38:36,35,2,4,1,0,10,3,153.141,25.375,TRUE,1,TRUE,106,Standard,TRUE,D:/JC/ADPOBenchmark/NLME/35/Run35/nlme7engine.log,D:/JC/ADPOBenchmark/nlme/35/Run35.mmdl,   ..\\..\\data\\sim_2_4_1_0.csv,13,1,2915.91490058043,569.680120598811,69.8356320949161,1.22205295181182,0.0808977400511892,0.472664039485629,0.380053188635998,FALSE
2024-10-30 16:38:36,2024-10-30 16:53:01,36,2,5,1,0,10,6,806.125,43.297,TRUE,3,TRUE,313,Standard,TRUE,D:/JC/ADPOBenchmark/NLME/36/Run36/nlme7engine.log,D:/JC/ADPOBenchmark/nlme/36/Run36.mmdl,   ..\\..\\data\\sim_2_5_1_0.csv,16,3,1922.55100446336,259.221651075692,73.085079163615,1.42945381404956,0.0945343116523039,0.484179818656104,0.396562658872502,FALSE
2024-10-30 16:53:01,2024-10-30 16:54:53,37,0,0,0,1,6,1,67.406,33.312,TRUE,1,TRUE,32,Standard,TRUE,D:/JC/ADPOBenchmark/NLME/37/Run37/nlme7engine.log,D:/JC/ADPOBenchmark/nlme/37/Run37.mmdl,   ..\\..\\data\\sim_0_0_0_1.csv,7,1,3132.9104704808,702.405786054842,43.7224190930235,1.33591701839981,0.156243027952978,0.491283998032619,0.388245052932026,FALSE
2024-10-30 16:54:53,2024-10-30 16:58:58,38,0,1,0,1,6,2,163.047,70.031,TRUE,1,TRUE,42,Standard,TRUE,D:/JC/ADPOBenchmark/NLME/38/Run38/nlme7engine.log,D:/JC/ADPOBenchmark/nlme/38/Run38.mmdl,   ..\\..\\data\\sim_0_1_0_1.csv,8,1,3799.4530656353,941.785116145557,44.2683123870198,0.995894582561185,0.0983286783076154,0.476198086124785,0.380304096154137,FALSE
2024-10-30 16:58:58,2024-10-30 17:03:49,39,0,2,0,1,6,3,276.766,0.281,TRUE,1,FALSE,48,Standard,TRUE,D:/JC/ADPOBenchmark/NLME/39/Run39/nlme7engine.log,D:/JC/ADPOBenchmark/nlme/39/Run39.mmdl,   ..\\..\\data\\sim_0_2_0_1.csv,9,1,2767.23371131101,553.985157646506,48.1320785327367,1.21266756310389,0.111852342572497,0.476730830765735,0.385979435365926,FALSE
2024-10-30 17:03:49,2024-10-30 17:13:22,40,0,3,0,1,6,4,399.469,158.188,TRUE,1,TRUE,44,Standard,TRUE,D:/JC/ADPOBenchmark/NLME/40/Run40/nlme7engine.log,D:/JC/ADPOBenchmark/nlme/40/Run40.mmdl,   ..\\..\\data\\sim_0_3_0_1.csv,10,1,2760.05534403105,560.796504475224,45.720839206474,1.0839557468288,0.149881602672652,0.443872128297267,0.345616906569022,FALSE
2024-10-30 17:13:22,2024-10-30 17:17:15,41,0,4,0,1,6,3,144.656,74.438,TRUE,1,TRUE,34,Standard,TRUE,D:/JC/ADPOBenchmark/NLME/41/Run41/nlme7engine.log,D:/JC/ADPOBenchmark/nlme/41/Run41.mmdl,   ..\\..\\data\\sim_0_4_0_1.csv,9,1,3731.72798417209,926.347109325165,44.9876253756822,0.993866381100171,0.0986219651666001,0.475296612201938,0.379864366663409,FALSE
2024-10-30 17:17:15,2024-10-30 17:27:35,42,0,5,0,1,6,6,433.25,171.828,TRUE,1,TRUE,53,Standard,TRUE,D:/JC/ADPOBenchmark/NLME/42/Run42/nlme7engine.log,D:/JC/ADPOBenchmark/nlme/42/Run42.mmdl,   ..\\..\\data\\sim_0_5_0_1.csv,12,1,3405.48554529,735.210636608899,44.5239293647233,1.10608758272214,0.262262363800648,0.468102936337032,0.379344782341055,FALSE
2024-10-30 17:27:35,2024-10-30 17:43:36,43,1,0,0,1,8,1,874.688,72.656,TRUE,3,TRUE,117,Standard,TRUE,D:/JC/ADPOBenchmark/NLME/43/Run43/nlme7engine.log,D:/JC/ADPOBenchmark/nlme/43/Run43.mmdl,   ..\\..\\data\\sim_1_0_0_1.csv,9,3,3030.89923357824,654.184770298985,3.78181446300364,0.107216171153986,0.212894101403185,0.496519098993225,0.391791518034704,FALSE
2024-10-30 17:43:36,2024-10-30 18:06:07,44,1,1,0,1,8,2,946.719,386.641,TRUE,3,TRUE,41,Standard,TRUE,D:/JC/ADPOBenchmark/NLME/44/Run44/nlme7engine.log,D:/JC/ADPOBenchmark/nlme/44/Run44.mmdl,   ..\\..\\data\\sim_1_1_0_1.csv,10,3,3271.12253736007,807.555977244194,45.3921495646781,0.981790172473325,0.112833448565982,0.475845217327088,0.379769841630834,FALSE
2024-10-30 18:06:07,2024-10-30 18:45:25,45,1,2,0,1,8,3,2072.547,264.078,TRUE,1,TRUE,63,Standard,TRUE,D:/JC/ADPOBenchmark/NLME/45/Run45/nlme7engine.log,D:/JC/ADPOBenchmark/nlme/45/Run45.mmdl,   ..\\..\\data\\sim_1_2_0_1.csv,11,1,1956.70632662082,366.866551152943,80.3342410436257,1.57586632146865,0.0911449046513717,0.478821027320144,0.386938792412393,FALSE
2024-10-30 18:45:25,2024-10-31 01:15:07,46,1,3,0,1,8,4,21095.906,2233.234,TRUE,3,TRUE,211,Standard,TRUE,D:/JC/ADPOBenchmark/NLME/46/Run46/nlme7engine.log,D:/JC/ADPOBenchmark/nlme/46/Run46.mmdl,   ..\\..\\data\\sim_1_3_0_1.csv,12,3,2858.56970131138,678.95584235552,22.472301226466,0.640164228701651,0.160583044286167,0.465077160874985,0.365796067778035,FALSE
2024-10-31 01:15:07,2024-10-31 01:53:18,47,1,4,0,1,8,3,1785.312,479.484,TRUE,3,TRUE,79,Standard,TRUE,D:/JC/ADPOBenchmark/NLME/47/Run47/nlme7engine.log,D:/JC/ADPOBenchmark/nlme/47/Run47.mmdl,   ..\\..\\data\\sim_1_4_0_1.csv,11,3,2911.08592870876,707.072280380601,44.5148738349062,0.991813655182061,0.106271771807502,0.475624626265395,0.380479881672057,FALSE
2024-10-31 01:53:18,2024-10-31 05:52:32,48,1,5,0,1,8,6,12374.781,1937.188,TRUE,3,TRUE,149,Standard,TRUE,D:/JC/ADPOBenchmark/NLME/48/Run48/nlme7engine.log,D:/JC/ADPOBenchmark/nlme/48/Run48.mmdl,   ..\\..\\data\\sim_1_5_0_1.csv,14,3,2191.28466072834,428.200516077493,46.4067303852172,1.25454552178104,0.155363501486381,0.470789501635719,0.381542030043989,FALSE
2024-10-31 05:52:32,2024-10-31 06:06:31,49,2,0,0,1,10,1,746,79.625,TRUE,1,TRUE,159,Standard,TRUE,D:/JC/ADPOBenchmark/NLME/49/run49/nlme7engine.log,D:/JC/ADPOBenchmark/nlme/49/Run49.mmdl,   ..\\..\\data\\sim_2_0_0_1.csv,11,1,7862.27376766351,523.176281326508,67.0763155629211,1.69851222607573,0.0499931601560166,0.491717508475777,0.385454221009504,FALSE
2024-10-31 06:06:31,2024-10-31 06:39:17,50,2,1,0,1,10,2,1779.75,168.078,TRUE,1,TRUE,176,Standard,TRUE,D:/JC/ADPOBenchmark/NLME/50/run50/nlme7engine.log,D:/JC/ADPOBenchmark/nlme/50/Run50.mmdl,   ..\\..\\data\\sim_2_1_0_1.csv,12,1,2752.76373394091,365.622694711197,69.1108054696435,1.26085743035549,0.0975430157982965,0.473126553884141,0.379240551763588,FALSE
2024-10-31 06:39:17,2024-10-31 07:30:00,51,2,2,0,1,10,3,2794.422,228.922,TRUE,3,TRUE,182,Standard,TRUE,D:/JC/ADPOBenchmark/NLME/51/run51/nlme7engine.log,D:/JC/ADPOBenchmark/nlme/51/Run51.mmdl,   ..\\..\\data\\sim_2_2_0_1.csv,13,3,1852.29197677032,176.52370753183,67.9393557507999,1.22573703128162,0.0690864786824814,0.475953791700649,0.383108887302477,FALSE
2024-10-31 07:30:00,2024-10-31 08:21:57,52,2,3,0,1,10,4,2726.609,368.75,TRUE,1,TRUE,140,Standard,TRUE,D:/JC/ADPOBenchmark/NLME/52/run52/nlme7engine.log,D:/JC/ADPOBenchmark/nlme/52/Run52.mmdl,   ..\\..\\data\\sim_2_3_0_1.csv,14,1,5940.23443341317,743.549694865037,87.5708638746699,1.69548387113251,0.182272178992952,0.499225666607602,0.38746282701629,FALSE
2024-10-31 08:21:57,2024-10-31 08:43:31,53,2,4,0,1,10,3,1099.609,178.938,TRUE,1,TRUE,136,Standard,TRUE,D:/JC/ADPOBenchmark/NLME/53/run53/nlme7engine.log,D:/JC/ADPOBenchmark/nlme/53/Run53.mmdl,   ..\\..\\data\\sim_2_4_0_1.csv,13,1,6754.52785864787,578.51736130796,73.8238575848005,1.32009326592264,0.0762677804369157,0.471662758087609,0.378325830056871,FALSE
2024-10-31 08:43:32,2024-10-31 09:32:08,54,2,5,0,1,10,6,2553.109,344.781,TRUE,1,TRUE,165,Standard,TRUE,D:/JC/ADPOBenchmark/NLME/54/run54/nlme7engine.log,D:/JC/ADPOBenchmark/nlme/54/Run54.mmdl,   ..\\..\\data\\sim_2_5_0_1.csv,16,1,1863.85820609026,162.706346164179,71.2971613605966,1.39831119699699,0.0460675849064072,0.506003483258847,0.410263089715701,FALSE
2024-10-31 09:32:08,2024-10-31 09:34:10,55,0,0,1,1,7,1,70.859,39.547,TRUE,1,TRUE,30,Standard,TRUE,D:/JC/ADPOBenchmark/NLME/55/run55/nlme7engine.log,D:/JC/ADPOBenchmark/nlme/55/Run55.mmdl,   ..\\..\\data\\sim_0_0_1_1.csv,8,1,3077.19224901749,689.415933161037,44.2048024018997,1.36461208864981,0.155283626916847,0.49079240732065,0.388150432133364,FALSE
2024-10-31 09:34:10,2024-10-31 09:38:40,56,0,1,1,1,7,2,181.781,75.984,TRUE,1,TRUE,42,Standard,TRUE,D:/JC/ADPOBenchmark/NLME/56/run56/nlme7engine.log,D:/JC/ADPOBenchmark/nlme/56/Run56.mmdl,   ..\\..\\data\\sim_0_1_1_1.csv,9,1,3884.47026725433,940.790879029331,43.6328531038713,0.972753776073836,0.102196255541006,0.477783686590083,0.382271026670447,FALSE
2024-10-31 09:38:40,2024-10-31 09:46:36,57,0,2,1,1,7,3,338.828,121.875,TRUE,1,TRUE,54,Standard,TRUE,D:/JC/ADPOBenchmark/NLME/57/run57/nlme7engine.log,D:/JC/ADPOBenchmark/nlme/57/Run57.mmdl,   ..\\..\\data\\sim_0_2_1_1.csv,10,1,2690.83376799832,538.54825522853,48.4622185847732,1.22091685468391,0.0987644912986713,0.477046357883437,0.386233322214515,FALSE
2024-10-31 09:46:36,2024-10-31 09:55:56,58,0,3,1,1,7,4,350.875,193.953,TRUE,1,TRUE,36,Standard,TRUE,D:/JC/ADPOBenchmark/NLME/58/run58/nlme7engine.log,D:/JC/ADPOBenchmark/nlme/58/Run58.mmdl,   ..\\..\\data\\sim_0_3_1_1.csv,11,1,2935.7380179938,638.699075383543,45.2046457907455,1.04676645318479,0.161187110353275,0.451729741345304,0.353283564888809,FALSE
2024-10-31 09:55:56,2024-10-31 10:00:29,59,0,4,1,1,7,3,168,91.984,TRUE,1,TRUE,37,Standard,TRUE,D:/JC/ADPOBenchmark/NLME/59/run59/nlme7engine.log,D:/JC/ADPOBenchmark/nlme/59/Run59.mmdl,   ..\\..\\data\\sim_0_4_1_1.csv,10,1,3749.56683757365,904.301240085373,44.5745031699284,0.976357598266131,0.101847527513136,0.476871631230135,0.381671350270401,FALSE
2024-10-31 10:00:29,2024-10-31 10:12:17,60,0,5,1,1,7,6,489.844,201.453,TRUE,1,TRUE,59,Standard,TRUE,D:/JC/ADPOBenchmark/NLME/60/run60/nlme7engine.log,D:/JC/ADPOBenchmark/nlme/60/Run60.mmdl,   ..\\..\\data\\sim_0_5_1_1.csv,13,1,3308.71007031942,727.418953190902,44.6494242620622,1.1121946210051,0.237679031500928,0.466477276148843,0.379244176763395,FALSE
2024-10-31 10:12:17,2024-10-31 10:31:22,61,1,0,1,1,9,1,1049.109,82.672,TRUE,3,TRUE,117,Standard,TRUE,D:/JC/ADPOBenchmark/NLME/61/run61/nlme7engine.log,D:/JC/ADPOBenchmark/nlme/61/Run61.mmdl,   ..\\..\\data\\sim_1_0_1_1.csv,10,3,2795.95313670516,605.503357442004,3.70672368274379,0.106344068957487,0.203644593645803,0.494286320638467,0.390964538053903,FALSE
2024-10-31 10:31:22,2024-10-31 11:04:18,62,1,1,1,1,9,2,1481.391,478.812,TRUE,3,TRUE,61,Standard,TRUE,D:/JC/ADPOBenchmark/NLME/62/run62/nlme7engine.log,D:/JC/ADPOBenchmark/nlme/62/Run62.mmdl,   ..\\..\\data\\sim_1_1_1_1.csv,11,3,3258.5048193436,784.767839389091,47.0127436382709,1.01878465230249,0.112522193115659,0.476577024504762,0.381018185275074,FALSE
2024-10-31 11:04:18,2024-10-31 11:21:44,63,1,2,1,1,9,3,1029.797,0.312,TRUE,1,FALSE,79,Standard,TRUE,D:/JC/ADPOBenchmark/NLME/63/run63/nlme7engine.log,D:/JC/ADPOBenchmark/nlme/63/Run63.mmdl,   ..\\..\\data\\sim_1_2_1_1.csv,12,1,1758.70139613058,325.204069187787,49.3389956687802,0.853530651712333,0.0710051531211937,0.478338230629162,0.386711215576849,FALSE
2024-10-31 11:21:44,2024-10-31 12:53:20,64,1,3,1,1,9,4,3236.141,2235.422,TRUE,3,TRUE,41,Standard,TRUE,D:/JC/ADPOBenchmark/NLME/64/run64/nlme7engine.log,D:/JC/ADPOBenchmark/nlme/64/Run64.mmdl,   ..\\..\\data\\sim_1_3_1_1.csv,13,3,2057.12470154225,408.609791388684,61.8621383343235,1.27842059144999,0.165429564857145,0.440211104026011,0.340816462986253,FALSE
2024-10-31 12:53:20,2024-10-31 13:14:34,65,1,4,1,1,9,3,842.656,414,TRUE,1,TRUE,42,Standard,TRUE,D:/JC/ADPOBenchmark/NLME/65/run65/nlme7engine.log,D:/JC/ADPOBenchmark/nlme/65/Run65.mmdl,   ..\\..\\data\\sim_1_4_1_1.csv,12,1,2860.23961200108,673.468804880226,50.4108590683017,1.08366042019975,0.10577780658034,0.477119673710924,0.382138679666468,FALSE
2024-10-31 13:14:34,2024-10-31 14:50:25,66,1,5,1,1,9,6,4491.297,1230.547,TRUE,3,TRUE,107,Standard,TRUE,D:/JC/ADPOBenchmark/NLME/66/run66/nlme7engine.log,D:/JC/ADPOBenchmark/nlme/66/Run66.mmdl,   ..\\..\\data\\sim_1_5_1_1.csv,15,3,2125.14554529181,425.721536527265,58.7553164190512,1.3498938578155,0.163819361652698,0.468744594642728,0.38127886993968,FALSE
2024-10-31 14:50:25,2024-10-31 15:03:09,67,2,0,1,1,11,1,664.734,82.906,TRUE,1,TRUE,162,Standard,TRUE,D:/JC/ADPOBenchmark/NLME/67/run67/nlme7engine.log,D:/JC/ADPOBenchmark/nlme/67/Run67.mmdl,   ..\\..\\data\\sim_2_0_1_1.csv,12,1,2899.28837557067,378.133861768899,76.7539528731735,2.04180171369713,0.260615775254575,0.491784891229942,0.387520176126636,FALSE
2024-10-31 15:03:09,2024-10-31 15:29:36,68,2,1,1,1,11,2,1264.047,305.906,TRUE,3,TRUE,163,Standard,TRUE,D:/JC/ADPOBenchmark/NLME/68/run68/nlme7engine.log,D:/JC/ADPOBenchmark/nlme/68/Run68.mmdl,   ..\\..\\data\\sim_2_1_1_1.csv,13,3,2335.60374098044,403.651536570376,69.841070928473,1.21056123855244,0.15581186692469,0.474623459421447,0.381254959768288,FALSE
2024-10-31 15:29:36,2024-10-31 16:35:39,69,2,2,1,1,11,3,3689.344,253.672,TRUE,3,TRUE,249,Standard,TRUE,D:/JC/ADPOBenchmark/NLME/69/run69/nlme7engine.log,D:/JC/ADPOBenchmark/nlme/69/Run69.mmdl,   ..\\..\\data\\sim_2_2_1_1.csv,14,3,1872.08807909985,192.470336615015,50.345324886692,0.913326541195971,0.0801033922417736,0.475621545900693,0.381239018306625,FALSE
2024-10-31 16:35:39,2024-10-31 17:46:12,70,2,3,1,1,11,4,3831.109,381.703,TRUE,3,TRUE,179,Standard,TRUE,D:/JC/ADPOBenchmark/NLME/70/run70/nlme7engine.log,D:/JC/ADPOBenchmark/nlme/70/Run70.mmdl,   ..\\..\\data\\sim_2_3_1_1.csv,15,3,3624.47795181224,423.630404540475,59.6280821478244,1.05755572399339,0.126863421957366,0.478488385697154,0.372667214515142,FALSE
2024-10-31 17:46:12,2024-10-31 18:15:10,71,2,4,1,1,11,3,1557.297,165.266,TRUE,1,TRUE,176,Standard,TRUE,D:/JC/ADPOBenchmark/NLME/71/run71/nlme7engine.log,D:/JC/ADPOBenchmark/nlme/71/Run71.mmdl,   ..\\..\\data\\sim_2_4_1_1.csv,14,1,1469.90431048616,311.981842491325,70.2355502269493,1.21750106415963,0.163938370691146,0.47543538200827,0.382258751529301,FALSE
2024-10-31 18:15:10,2024-10-31 19:29:05,72,2,5,1,1,11,6,4097.766,316.75,TRUE,3,TRUE,260,Standard,TRUE,D:/JC/ADPOBenchmark/NLME/72/run72/nlme7engine.log,D:/JC/ADPOBenchmark/nlme/72/Run72.mmdl,   ..\\..\\data\\sim_2_5_1_1.csv,17,3,1584.66887068863,193.860860960894,66.8634514002481,1.24570858324338,0.102549291208139,0.476389745171453,0.383500855269653,FALSE
