Scenario,ID,Eta1Name,Eta2Name,Eta1,Eta2
WorkFlow,1,nVmax,nKm,0.000103221390311739,-0.32236797104743
WorkFlow,1,nVmax,nV,0.000103221390311739,-0.828450530118148
WorkFlow,1,nVmax,nKa,0.000103221390311739,0.285316601799685
WorkFlow,1,nKm,nVmax,-0.32236797104743,0.000103221390311739
WorkFlow,1,nKm,nV,-0.32236797104743,-0.828450530118148
WorkFlow,1,nKm,nKa,-0.32236797104743,0.285316601799685
WorkFlow,1,nV,nVmax,-0.828450530118148,0.000103221390311739
WorkFlow,1,nV,nKm,-0.828450530118148,-0.32236797104743
WorkFlow,1,nV,nKa,-0.828450530118148,0.285316601799685
WorkFlow,1,nKa,nVmax,0.285316601799685,0.000103221390311739
WorkFlow,1,nKa,nKm,0.285316601799685,-0.32236797104743
WorkFlow,1,nKa,nV,0.285316601799685,-0.828450530118148
WorkFlow,2,nVmax,nKm,-2.19933181974799e-05,-0.206870910832081
WorkFlow,2,nVmax,nV,-2.19933181974799e-05,-0.825325722420113
WorkFlow,2,nVmax,nKa,-2.19933181974799e-05,0.0450043436735069
WorkFlow,2,nKm,nVmax,-0.206870910832081,-2.19933181974799e-05
WorkFlow,2,nKm,nV,-0.206870910832081,-0.825325722420113
WorkFlow,2,nKm,nKa,-0.206870910832081,0.0450043436735069
WorkFlow,2,nV,nVmax,-0.825325722420113,-2.19933181974799e-05
WorkFlow,2,nV,nKm,-0.825325722420113,-0.206870910832081
WorkFlow,2,nV,nKa,-0.825325722420113,0.0450043436735069
WorkFlow,2,nKa,nVmax,0.0450043436735069,-2.19933181974799e-05
WorkFlow,2,nKa,nKm,0.0450043436735069,-0.206870910832081
WorkFlow,2,nKa,nV,0.0450043436735069,-0.825325722420113
WorkFlow,3,nVmax,nKm,-4.31703385890812e-05,0.297689092300647
WorkFlow,3,nVmax,nV,-4.31703385890812e-05,0.716344242090602
WorkFlow,3,nVmax,nKa,-4.31703385890812e-05,-0.245936040198688
WorkFlow,3,nKm,nVmax,0.297689092300647,-4.31703385890812e-05
WorkFlow,3,nKm,nV,0.297689092300647,0.716344242090602
WorkFlow,3,nKm,nKa,0.297689092300647,-0.245936040198688
WorkFlow,3,nV,nVmax,0.716344242090602,-4.31703385890812e-05
WorkFlow,3,nV,nKm,0.716344242090602,0.297689092300647
WorkFlow,3,nV,nKa,0.716344242090602,-0.245936040198688
WorkFlow,3,nKa,nVmax,-0.245936040198688,-4.31703385890812e-05
WorkFlow,3,nKa,nKm,-0.245936040198688,0.297689092300647
WorkFlow,3,nKa,nV,-0.245936040198688,0.716344242090602
WorkFlow,4,nVmax,nKm,1.36325944188223e-05,-0.00423235821600522
WorkFlow,4,nVmax,nV,1.36325944188223e-05,-0.0420110817470266
WorkFlow,4,nVmax,nKa,1.36325944188223e-05,0.169009908937891
WorkFlow,4,nKm,nVmax,-0.00423235821600522,1.36325944188223e-05
WorkFlow,4,nKm,nV,-0.00423235821600522,-0.0420110817470266
WorkFlow,4,nKm,nKa,-0.00423235821600522,0.169009908937891
WorkFlow,4,nV,nVmax,-0.0420110817470266,1.36325944188223e-05
WorkFlow,4,nV,nKm,-0.0420110817470266,-0.00423235821600522
WorkFlow,4,nV,nKa,-0.0420110817470266,0.169009908937891
WorkFlow,4,nKa,nVmax,0.169009908937891,1.36325944188223e-05
WorkFlow,4,nKa,nKm,0.169009908937891,-0.00423235821600522
WorkFlow,4,nKa,nV,0.169009908937891,-0.0420110817470266
WorkFlow,5,nVmax,nKm,-3.88211561152349e-05,0.368653380416798
WorkFlow,5,nVmax,nV,-3.88211561152349e-05,0.694137542859924
WorkFlow,5,nVmax,nKa,-3.88211561152349e-05,0.243342462513551
WorkFlow,5,nKm,nVmax,0.368653380416798,-3.88211561152349e-05
WorkFlow,5,nKm,nV,0.368653380416798,0.694137542859924
WorkFlow,5,nKm,nKa,0.368653380416798,0.243342462513551
WorkFlow,5,nV,nVmax,0.694137542859924,-3.88211561152349e-05
WorkFlow,5,nV,nKm,0.694137542859924,0.368653380416798
WorkFlow,5,nV,nKa,0.694137542859924,0.243342462513551
WorkFlow,5,nKa,nVmax,0.243342462513551,-3.88211561152349e-05
WorkFlow,5,nKa,nKm,0.243342462513551,0.368653380416798
WorkFlow,5,nKa,nV,0.243342462513551,0.694137542859924
WorkFlow,6,nVmax,nKm,9.43057600540761e-06,0.159128534000808
WorkFlow,6,nVmax,nV,9.43057600540761e-06,-0.0794301114376072
WorkFlow,6,nVmax,nKa,9.43057600540761e-06,0.246505394220798
WorkFlow,6,nKm,nVmax,0.159128534000808,9.43057600540761e-06
WorkFlow,6,nKm,nV,0.159128534000808,-0.0794301114376072
WorkFlow,6,nKm,nKa,0.159128534000808,0.246505394220798
WorkFlow,6,nV,nVmax,-0.0794301114376072,9.43057600540761e-06
WorkFlow,6,nV,nKm,-0.0794301114376072,0.159128534000808
WorkFlow,6,nV,nKa,-0.0794301114376072,0.246505394220798
WorkFlow,6,nKa,nVmax,0.246505394220798,9.43057600540761e-06
WorkFlow,6,nKa,nKm,0.246505394220798,0.159128534000808
WorkFlow,6,nKa,nV,0.246505394220798,-0.0794301114376072
WorkFlow,7,nVmax,nKm,-4.96971953036269e-05,0.125825753656984
WorkFlow,7,nVmax,nV,-4.96971953036269e-05,0.774757549582024
WorkFlow,7,nVmax,nKa,-4.96971953036269e-05,-0.903944483482081
WorkFlow,7,nKm,nVmax,0.125825753656984,-4.96971953036269e-05
WorkFlow,7,nKm,nV,0.125825753656984,0.774757549582024
WorkFlow,7,nKm,nKa,0.125825753656984,-0.903944483482081
WorkFlow,7,nV,nVmax,0.774757549582024,-4.96971953036269e-05
WorkFlow,7,nV,nKm,0.774757549582024,0.125825753656984
WorkFlow,7,nV,nKa,0.774757549582024,-0.903944483482081
WorkFlow,7,nKa,nVmax,-0.903944483482081,-4.96971953036269e-05
WorkFlow,7,nKa,nKm,-0.903944483482081,0.125825753656984
WorkFlow,7,nKa,nV,-0.903944483482081,0.774757549582024
WorkFlow,8,nVmax,nKm,7.27580205517403e-06,0.488512037073997
WorkFlow,8,nVmax,nV,7.27580205517403e-06,-0.182429532372825
WorkFlow,8,nVmax,nKa,7.27580205517403e-06,-0.487773167309089
WorkFlow,8,nKm,nVmax,0.488512037073997,7.27580205517403e-06
WorkFlow,8,nKm,nV,0.488512037073997,-0.182429532372825
WorkFlow,8,nKm,nKa,0.488512037073997,-0.487773167309089
WorkFlow,8,nV,nVmax,-0.182429532372825,7.27580205517403e-06
WorkFlow,8,nV,nKm,-0.182429532372825,0.488512037073997
WorkFlow,8,nV,nKa,-0.182429532372825,-0.487773167309089
WorkFlow,8,nKa,nVmax,-0.487773167309089,7.27580205517403e-06
WorkFlow,8,nKa,nKm,-0.487773167309089,0.488512037073997
WorkFlow,8,nKa,nV,-0.487773167309089,-0.182429532372825
WorkFlow,9,nVmax,nKm,0.000140070028154238,-0.0477805249718814
WorkFlow,9,nVmax,nV,0.000140070028154238,-1.12023149144172
WorkFlow,9,nVmax,nKa,0.000140070028154238,0.996899899677236
WorkFlow,9,nKm,nVmax,-0.0477805249718814,0.000140070028154238
WorkFlow,9,nKm,nV,-0.0477805249718814,-1.12023149144172
WorkFlow,9,nKm,nKa,-0.0477805249718814,0.996899899677236
WorkFlow,9,nV,nVmax,-1.12023149144172,0.000140070028154238
WorkFlow,9,nV,nKm,-1.12023149144172,-0.0477805249718814
WorkFlow,9,nV,nKa,-1.12023149144172,0.996899899677236
WorkFlow,9,nKa,nVmax,0.996899899677236,0.000140070028154238
WorkFlow,9,nKa,nKm,0.996899899677236,-0.0477805249718814
WorkFlow,9,nKa,nV,0.996899899677236,-1.12023149144172
WorkFlow,10,nVmax,nKm,-6.62571633303665e-05,-0.0325982561066479
WorkFlow,10,nVmax,nV,-6.62571633303665e-05,1.11259847910936
WorkFlow,10,nVmax,nKa,-6.62571633303665e-05,-0.356641776295813
WorkFlow,10,nKm,nVmax,-0.0325982561066479,-6.62571633303665e-05
WorkFlow,10,nKm,nV,-0.0325982561066479,1.11259847910936
WorkFlow,10,nKm,nKa,-0.0325982561066479,-0.356641776295813
WorkFlow,10,nV,nVmax,1.11259847910936,-6.62571633303665e-05
WorkFlow,10,nV,nKm,1.11259847910936,-0.0325982561066479
WorkFlow,10,nV,nKa,1.11259847910936,-0.356641776295813
WorkFlow,10,nKa,nVmax,-0.356641776295813,-6.62571633303665e-05
WorkFlow,10,nKa,nKm,-0.356641776295813,-0.0325982561066479
WorkFlow,10,nKa,nV,-0.356641776295813,1.11259847910936
WorkFlow,11,nVmax,nKm,-3.18110157878734e-05,0.111001079180166
WorkFlow,11,nVmax,nV,-3.18110157878734e-05,0.462214060905651
WorkFlow,11,nVmax,nKa,-3.18110157878734e-05,0.0708938116915181
WorkFlow,11,nKm,nVmax,0.111001079180166,-3.18110157878734e-05
WorkFlow,11,nKm,nV,0.111001079180166,0.462214060905651
WorkFlow,11,nKm,nKa,0.111001079180166,0.0708938116915181
WorkFlow,11,nV,nVmax,0.462214060905651,-3.18110157878734e-05
WorkFlow,11,nV,nKm,0.462214060905651,0.111001079180166
WorkFlow,11,nV,nKa,0.462214060905651,0.0708938116915181
WorkFlow,11,nKa,nVmax,0.0708938116915181,-3.18110157878734e-05
WorkFlow,11,nKa,nKm,0.0708938116915181,0.111001079180166
WorkFlow,11,nKa,nV,0.0708938116915181,0.462214060905651
WorkFlow,12,nVmax,nKm,-6.95638536828442e-05,-0.651432479626103
WorkFlow,12,nVmax,nV,-6.95638536828442e-05,0.495892431905673
WorkFlow,12,nVmax,nKa,-6.95638536828442e-05,-0.586610701715457
WorkFlow,12,nKm,nVmax,-0.651432479626103,-6.95638536828442e-05
WorkFlow,12,nKm,nV,-0.651432479626103,0.495892431905673
WorkFlow,12,nKm,nKa,-0.651432479626103,-0.586610701715457
WorkFlow,12,nV,nVmax,0.495892431905673,-6.95638536828442e-05
WorkFlow,12,nV,nKm,0.495892431905673,-0.651432479626103
WorkFlow,12,nV,nKa,0.495892431905673,-0.586610701715457
WorkFlow,12,nKa,nVmax,-0.586610701715457,-6.95638536828442e-05
WorkFlow,12,nKa,nKm,-0.586610701715457,-0.651432479626103
WorkFlow,12,nKa,nV,-0.586610701715457,0.495892431905673
WorkFlow,13,nVmax,nKm,3.37535751428309e-05,-0.280271512607146
WorkFlow,13,nVmax,nV,3.37535751428309e-05,-0.755491549229118
WorkFlow,13,nVmax,nKa,3.37535751428309e-05,-0.26601191222211
WorkFlow,13,nKm,nVmax,-0.280271512607146,3.37535751428309e-05
WorkFlow,13,nKm,nV,-0.280271512607146,-0.755491549229118
WorkFlow,13,nKm,nKa,-0.280271512607146,-0.26601191222211
WorkFlow,13,nV,nVmax,-0.755491549229118,3.37535751428309e-05
WorkFlow,13,nV,nKm,-0.755491549229118,-0.280271512607146
WorkFlow,13,nV,nKa,-0.755491549229118,-0.26601191222211
WorkFlow,13,nKa,nVmax,-0.26601191222211,3.37535751428309e-05
WorkFlow,13,nKa,nKm,-0.26601191222211,-0.280271512607146
WorkFlow,13,nKa,nV,-0.26601191222211,-0.755491549229118
WorkFlow,14,nVmax,nKm,6.34852655265009e-05,-0.488598804836702
WorkFlow,14,nVmax,nV,6.34852655265009e-05,-0.70940651459483
WorkFlow,14,nVmax,nKa,6.34852655265009e-05,-0.214501669486926
WorkFlow,14,nKm,nVmax,-0.488598804836702,6.34852655265009e-05
WorkFlow,14,nKm,nV,-0.488598804836702,-0.70940651459483
WorkFlow,14,nKm,nKa,-0.488598804836702,-0.214501669486926
WorkFlow,14,nV,nVmax,-0.70940651459483,6.34852655265009e-05
WorkFlow,14,nV,nKm,-0.70940651459483,-0.488598804836702
WorkFlow,14,nV,nKa,-0.70940651459483,-0.214501669486926
WorkFlow,14,nKa,nVmax,-0.214501669486926,6.34852655265009e-05
WorkFlow,14,nKa,nKm,-0.214501669486926,-0.488598804836702
WorkFlow,14,nKa,nV,-0.214501669486926,-0.70940651459483
WorkFlow,15,nVmax,nKm,1.04290476207363e-05,-0.140100426399887
WorkFlow,15,nVmax,nV,1.04290476207363e-05,0.0531612751678334
WorkFlow,15,nVmax,nKa,1.04290476207363e-05,0.0068348012582737
WorkFlow,15,nKm,nVmax,-0.140100426399887,1.04290476207363e-05
WorkFlow,15,nKm,nV,-0.140100426399887,0.0531612751678334
WorkFlow,15,nKm,nKa,-0.140100426399887,0.0068348012582737
WorkFlow,15,nV,nVmax,0.0531612751678334,1.04290476207363e-05
WorkFlow,15,nV,nKm,0.0531612751678334,-0.140100426399887
WorkFlow,15,nV,nKa,0.0531612751678334,0.0068348012582737
WorkFlow,15,nKa,nVmax,0.0068348012582737,1.04290476207363e-05
WorkFlow,15,nKa,nKm,0.0068348012582737,-0.140100426399887
WorkFlow,15,nKa,nV,0.0068348012582737,0.0531612751678334
WorkFlow,16,nVmax,nKm,-1.91291321176865e-05,0.614337612294993
WorkFlow,16,nVmax,nV,-1.91291321176865e-05,0.287323548452806
WorkFlow,16,nVmax,nKa,-1.91291321176865e-05,-1.05586125381287
WorkFlow,16,nKm,nVmax,0.614337612294993,-1.91291321176865e-05
WorkFlow,16,nKm,nV,0.614337612294993,0.287323548452806
WorkFlow,16,nKm,nKa,0.614337612294993,-1.05586125381287
WorkFlow,16,nV,nVmax,0.287323548452806,-1.91291321176865e-05
WorkFlow,16,nV,nKm,0.287323548452806,0.614337612294993
WorkFlow,16,nV,nKa,0.287323548452806,-1.05586125381287
WorkFlow,16,nKa,nVmax,-1.05586125381287,-1.91291321176865e-05
WorkFlow,16,nKa,nKm,-1.05586125381287,0.614337612294993
WorkFlow,16,nKa,nV,-1.05586125381287,0.287323548452806
WorkFlow,17,nVmax,nKm,-1.56421019745639e-05,0.00469380563083956
WorkFlow,17,nVmax,nV,-1.56421019745639e-05,0.155660560334856
WorkFlow,17,nVmax,nKa,-1.56421019745639e-05,0.290449413394096
WorkFlow,17,nKm,nVmax,0.00469380563083956,-1.56421019745639e-05
WorkFlow,17,nKm,nV,0.00469380563083956,0.155660560334856
WorkFlow,17,nKm,nKa,0.00469380563083956,0.290449413394096
WorkFlow,17,nV,nVmax,0.155660560334856,-1.56421019745639e-05
WorkFlow,17,nV,nKm,0.155660560334856,0.00469380563083956
WorkFlow,17,nV,nKa,0.155660560334856,0.290449413394096
WorkFlow,17,nKa,nVmax,0.290449413394096,-1.56421019745639e-05
WorkFlow,17,nKa,nKm,0.290449413394096,0.00469380563083956
WorkFlow,17,nKa,nV,0.290449413394096,0.155660560334856
WorkFlow,18,nVmax,nKm,-8.85710744648172e-05,-0.128423031419955
WorkFlow,18,nVmax,nV,-8.85710744648172e-05,1.71000606359424
WorkFlow,18,nVmax,nKa,-8.85710744648172e-05,-0.44599763677385
WorkFlow,18,nKm,nVmax,-0.128423031419955,-8.85710744648172e-05
WorkFlow,18,nKm,nV,-0.128423031419955,1.71000606359424
WorkFlow,18,nKm,nKa,-0.128423031419955,-0.44599763677385
WorkFlow,18,nV,nVmax,1.71000606359424,-8.85710744648172e-05
WorkFlow,18,nV,nKm,1.71000606359424,-0.128423031419955
WorkFlow,18,nV,nKa,1.71000606359424,-0.44599763677385
WorkFlow,18,nKa,nVmax,-0.44599763677385,-8.85710744648172e-05
WorkFlow,18,nKa,nKm,-0.44599763677385,-0.128423031419955
WorkFlow,18,nKa,nV,-0.44599763677385,1.71000606359424
WorkFlow,19,nVmax,nKm,-5.0421609447854e-05,-0.765757782915793
WorkFlow,19,nVmax,nV,-5.0421609447854e-05,0.327671449141776
WorkFlow,19,nVmax,nKa,-5.0421609447854e-05,0.794713236396128
WorkFlow,19,nKm,nVmax,-0.765757782915793,-5.0421609447854e-05
WorkFlow,19,nKm,nV,-0.765757782915793,0.327671449141776
WorkFlow,19,nKm,nKa,-0.765757782915793,0.794713236396128
WorkFlow,19,nV,nVmax,0.327671449141776,-5.0421609447854e-05
WorkFlow,19,nV,nKm,0.327671449141776,-0.765757782915793
WorkFlow,19,nV,nKa,0.327671449141776,0.794713236396128
WorkFlow,19,nKa,nVmax,0.794713236396128,-5.0421609447854e-05
WorkFlow,19,nKa,nKm,0.794713236396128,-0.765757782915793
WorkFlow,19,nKa,nV,0.794713236396128,0.327671449141776
WorkFlow,20,nVmax,nKm,0.000190554716884482,-0.65338137217307
WorkFlow,20,nVmax,nV,0.000190554716884482,-0.989684488597319
WorkFlow,20,nVmax,nKa,0.000190554716884482,-0.295831512850421
WorkFlow,20,nKm,nVmax,-0.65338137217307,0.000190554716884482
WorkFlow,20,nKm,nV,-0.65338137217307,-0.989684488597319
WorkFlow,20,nKm,nKa,-0.65338137217307,-0.295831512850421
WorkFlow,20,nV,nVmax,-0.989684488597319,0.000190554716884482
WorkFlow,20,nV,nKm,-0.989684488597319,-0.65338137217307
WorkFlow,20,nV,nKa,-0.989684488597319,-0.295831512850421
WorkFlow,20,nKa,nVmax,-0.295831512850421,0.000190554716884482
WorkFlow,20,nKa,nKm,-0.295831512850421,-0.65338137217307
WorkFlow,20,nKa,nV,-0.295831512850421,-0.989684488597319
WorkFlow,21,nVmax,nKm,-7.35066751428337e-06,0.368785134604913
WorkFlow,21,nVmax,nV,-7.35066751428337e-06,-0.189200829639754
WorkFlow,21,nVmax,nKa,-7.35066751428337e-06,0.377352657672971
WorkFlow,21,nKm,nVmax,0.368785134604913,-7.35066751428337e-06
WorkFlow,21,nKm,nV,0.368785134604913,-0.189200829639754
WorkFlow,21,nKm,nKa,0.368785134604913,0.377352657672971
WorkFlow,21,nV,nVmax,-0.189200829639754,-7.35066751428337e-06
WorkFlow,21,nV,nKm,-0.189200829639754,0.368785134604913
WorkFlow,21,nV,nKa,-0.189200829639754,0.377352657672971
WorkFlow,21,nKa,nVmax,0.377352657672971,-7.35066751428337e-06
WorkFlow,21,nKa,nKm,0.377352657672971,0.368785134604913
WorkFlow,21,nKa,nV,0.377352657672971,-0.189200829639754
WorkFlow,22,nVmax,nKm,3.49180683410458e-05,0.497466135260207
WorkFlow,22,nVmax,nV,3.49180683410458e-05,-0.366267626976317
WorkFlow,22,nVmax,nKa,3.49180683410458e-05,0.205756049906546
WorkFlow,22,nKm,nVmax,0.497466135260207,3.49180683410458e-05
WorkFlow,22,nKm,nV,0.497466135260207,-0.366267626976317
WorkFlow,22,nKm,nKa,0.497466135260207,0.205756049906546
WorkFlow,22,nV,nVmax,-0.366267626976317,3.49180683410458e-05
WorkFlow,22,nV,nKm,-0.366267626976317,0.497466135260207
WorkFlow,22,nV,nKa,-0.366267626976317,0.205756049906546
WorkFlow,22,nKa,nVmax,0.205756049906546,3.49180683410458e-05
WorkFlow,22,nKa,nKm,0.205756049906546,0.497466135260207
WorkFlow,22,nKa,nV,0.205756049906546,-0.366267626976317
WorkFlow,23,nVmax,nKm,-6.72685616773286e-05,-0.0153890098965989
WorkFlow,23,nVmax,nV,-6.72685616773286e-05,1.1523961634873
WorkFlow,23,nVmax,nKa,-6.72685616773286e-05,-0.42665663352035
WorkFlow,23,nKm,nVmax,-0.0153890098965989,-6.72685616773286e-05
WorkFlow,23,nKm,nV,-0.0153890098965989,1.1523961634873
WorkFlow,23,nKm,nKa,-0.0153890098965989,-0.42665663352035
WorkFlow,23,nV,nVmax,1.1523961634873,-6.72685616773286e-05
WorkFlow,23,nV,nKm,1.1523961634873,-0.0153890098965989
WorkFlow,23,nV,nKa,1.1523961634873,-0.42665663352035
WorkFlow,23,nKa,nVmax,-0.42665663352035,-6.72685616773286e-05
WorkFlow,23,nKa,nKm,-0.42665663352035,-0.0153890098965989
WorkFlow,23,nKa,nV,-0.42665663352035,1.1523961634873
WorkFlow,24,nVmax,nKm,-8.43011474793349e-05,-0.0995713184816501
WorkFlow,24,nVmax,nV,-8.43011474793349e-05,1.51232012189772
WorkFlow,24,nVmax,nKa,-8.43011474793349e-05,-0.798117053950642
WorkFlow,24,nKm,nVmax,-0.0995713184816501,-8.43011474793349e-05
WorkFlow,24,nKm,nV,-0.0995713184816501,1.51232012189772
WorkFlow,24,nKm,nKa,-0.0995713184816501,-0.798117053950642
WorkFlow,24,nV,nVmax,1.51232012189772,-8.43011474793349e-05
WorkFlow,24,nV,nKm,1.51232012189772,-0.0995713184816501
WorkFlow,24,nV,nKa,1.51232012189772,-0.798117053950642
WorkFlow,24,nKa,nVmax,-0.798117053950642,-8.43011474793349e-05
WorkFlow,24,nKa,nKm,-0.798117053950642,-0.0995713184816501
WorkFlow,24,nKa,nV,-0.798117053950642,1.51232012189772
WorkFlow,25,nVmax,nKm,2.48069278706031e-05,0.0686051603136735
WorkFlow,25,nVmax,nV,2.48069278706031e-05,-0.342900697857973
WorkFlow,25,nVmax,nKa,2.48069278706031e-05,-0.583614191353674
WorkFlow,25,nKm,nVmax,0.0686051603136735,2.48069278706031e-05
WorkFlow,25,nKm,nV,0.0686051603136735,-0.342900697857973
WorkFlow,25,nKm,nKa,0.0686051603136735,-0.583614191353674
WorkFlow,25,nV,nVmax,-0.342900697857973,2.48069278706031e-05
WorkFlow,25,nV,nKm,-0.342900697857973,0.0686051603136735
WorkFlow,25,nV,nKa,-0.342900697857973,-0.583614191353674
WorkFlow,25,nKa,nVmax,-0.583614191353674,2.48069278706031e-05
WorkFlow,25,nKa,nKm,-0.583614191353674,0.0686051603136735
WorkFlow,25,nKa,nV,-0.583614191353674,-0.342900697857973
WorkFlow,26,nVmax,nKm,-2.25853700855323e-05,0.0414167633111165
WorkFlow,26,nVmax,nV,-2.25853700855323e-05,0.296036741402016
WorkFlow,26,nVmax,nKa,-2.25853700855323e-05,0.187947509088867
WorkFlow,26,nKm,nVmax,0.0414167633111165,-2.25853700855323e-05
WorkFlow,26,nKm,nV,0.0414167633111165,0.296036741402016
WorkFlow,26,nKm,nKa,0.0414167633111165,0.187947509088867
WorkFlow,26,nV,nVmax,0.296036741402016,-2.25853700855323e-05
WorkFlow,26,nV,nKm,0.296036741402016,0.0414167633111165
WorkFlow,26,nV,nKa,0.296036741402016,0.187947509088867
WorkFlow,26,nKa,nVmax,0.187947509088867,-2.25853700855323e-05
WorkFlow,26,nKa,nKm,0.187947509088867,0.0414167633111165
WorkFlow,26,nKa,nV,0.187947509088867,0.296036741402016
WorkFlow,27,nVmax,nKm,7.43493599533757e-05,0.3790988528573
WorkFlow,27,nVmax,nV,7.43493599533757e-05,-0.706243603009285
WorkFlow,27,nVmax,nKa,7.43493599533757e-05,-0.103576407542907
WorkFlow,27,nKm,nVmax,0.3790988528573,7.43493599533757e-05
WorkFlow,27,nKm,nV,0.3790988528573,-0.706243603009285
WorkFlow,27,nKm,nKa,0.3790988528573,-0.103576407542907
WorkFlow,27,nV,nVmax,-0.706243603009285,7.43493599533757e-05
WorkFlow,27,nV,nKm,-0.706243603009285,0.3790988528573
WorkFlow,27,nV,nKa,-0.706243603009285,-0.103576407542907
WorkFlow,27,nKa,nVmax,-0.103576407542907,7.43493599533757e-05
WorkFlow,27,nKa,nKm,-0.103576407542907,0.3790988528573
WorkFlow,27,nKa,nV,-0.103576407542907,-0.706243603009285
WorkFlow,28,nVmax,nKm,-5.71734512470844e-05,-0.0889703732568207
WorkFlow,28,nVmax,nV,-5.71734512470844e-05,0.830321906116512
WorkFlow,28,nVmax,nKa,-5.71734512470844e-05,-0.553106311948976
WorkFlow,28,nKm,nVmax,-0.0889703732568207,-5.71734512470844e-05
WorkFlow,28,nKm,nV,-0.0889703732568207,0.830321906116512
WorkFlow,28,nKm,nKa,-0.0889703732568207,-0.553106311948976
WorkFlow,28,nV,nVmax,0.830321906116512,-5.71734512470844e-05
WorkFlow,28,nV,nKm,0.830321906116512,-0.0889703732568207
WorkFlow,28,nV,nKa,0.830321906116512,-0.553106311948976
WorkFlow,28,nKa,nVmax,-0.553106311948976,-5.71734512470844e-05
WorkFlow,28,nKa,nKm,-0.553106311948976,-0.0889703732568207
WorkFlow,28,nKa,nV,-0.553106311948976,0.830321906116512
WorkFlow,29,nVmax,nKm,-9.18003730433858e-05,-0.413388746282341
WorkFlow,29,nVmax,nV,-9.18003730433858e-05,0.111220069455206
WorkFlow,29,nVmax,nKa,-9.18003730433858e-05,-0.407123521870295
WorkFlow,29,nKm,nVmax,-0.413388746282341,-9.18003730433858e-05
WorkFlow,29,nKm,nV,-0.413388746282341,0.111220069455206
WorkFlow,29,nKm,nKa,-0.413388746282341,-0.407123521870295
WorkFlow,29,nV,nVmax,0.111220069455206,-9.18003730433858e-05
WorkFlow,29,nV,nKm,0.111220069455206,-0.413388746282341
WorkFlow,29,nV,nKa,0.111220069455206,-0.407123521870295
WorkFlow,29,nKa,nVmax,-0.407123521870295,-9.18003730433858e-05
WorkFlow,29,nKa,nKm,-0.407123521870295,-0.413388746282341
WorkFlow,29,nKa,nV,-0.407123521870295,0.111220069455206
WorkFlow,30,nVmax,nKm,-4.97540240593876e-06,0.284194091119776
WorkFlow,30,nVmax,nV,-4.97540240593876e-06,0.179648117562569
WorkFlow,30,nVmax,nKa,-4.97540240593876e-06,0.0517516496622832
WorkFlow,30,nKm,nVmax,0.284194091119776,-4.97540240593876e-06
WorkFlow,30,nKm,nV,0.284194091119776,0.179648117562569
WorkFlow,30,nKm,nKa,0.284194091119776,0.0517516496622832
WorkFlow,30,nV,nVmax,0.179648117562569,-4.97540240593876e-06
WorkFlow,30,nV,nKm,0.179648117562569,0.284194091119776
WorkFlow,30,nV,nKa,0.179648117562569,0.0517516496622832
WorkFlow,30,nKa,nVmax,0.0517516496622832,-4.97540240593876e-06
WorkFlow,30,nKa,nKm,0.0517516496622832,0.284194091119776
WorkFlow,30,nKa,nV,0.0517516496622832,0.179648117562569
WorkFlow,31,nVmax,nKm,2.78279633998798e-05,-0.0203568178401751
WorkFlow,31,nVmax,nV,2.78279633998798e-05,-0.19153628251606
WorkFlow,31,nVmax,nKa,2.78279633998798e-05,0.557669364483579
WorkFlow,31,nKm,nVmax,-0.0203568178401751,2.78279633998798e-05
WorkFlow,31,nKm,nV,-0.0203568178401751,-0.19153628251606
WorkFlow,31,nKm,nKa,-0.0203568178401751,0.557669364483579
WorkFlow,31,nV,nVmax,-0.19153628251606,2.78279633998798e-05
WorkFlow,31,nV,nKm,-0.19153628251606,-0.0203568178401751
WorkFlow,31,nV,nKa,-0.19153628251606,0.557669364483579
WorkFlow,31,nKa,nVmax,0.557669364483579,2.78279633998798e-05
WorkFlow,31,nKa,nKm,0.557669364483579,-0.0203568178401751
WorkFlow,31,nKa,nV,0.557669364483579,-0.19153628251606
WorkFlow,32,nVmax,nKm,-2.42450370414996e-05,0.394729536273363
WorkFlow,32,nVmax,nV,-2.42450370414996e-05,0.452513364139285
WorkFlow,32,nVmax,nKa,-2.42450370414996e-05,-0.0445821117336033
WorkFlow,32,nKm,nVmax,0.394729536273363,-2.42450370414996e-05
WorkFlow,32,nKm,nV,0.394729536273363,0.452513364139285
WorkFlow,32,nKm,nKa,0.394729536273363,-0.0445821117336033
WorkFlow,32,nV,nVmax,0.452513364139285,-2.42450370414996e-05
WorkFlow,32,nV,nKm,0.452513364139285,0.394729536273363
WorkFlow,32,nV,nKa,0.452513364139285,-0.0445821117336033
WorkFlow,32,nKa,nVmax,-0.0445821117336033,-2.42450370414996e-05
WorkFlow,32,nKa,nKm,-0.0445821117336033,0.394729536273363
WorkFlow,32,nKa,nV,-0.0445821117336033,0.452513364139285
WorkFlow,33,nVmax,nKm,-2.39285472544259e-06,0.490354580799231
WorkFlow,33,nVmax,nV,-2.39285472544259e-06,0.0911116853621228
WorkFlow,33,nVmax,nKa,-2.39285472544259e-06,0.0573816024812258
WorkFlow,33,nKm,nVmax,0.490354580799231,-2.39285472544259e-06
WorkFlow,33,nKm,nV,0.490354580799231,0.0911116853621228
WorkFlow,33,nKm,nKa,0.490354580799231,0.0573816024812258
WorkFlow,33,nV,nVmax,0.0911116853621228,-2.39285472544259e-06
WorkFlow,33,nV,nKm,0.0911116853621228,0.490354580799231
WorkFlow,33,nV,nKa,0.0911116853621228,0.0573816024812258
WorkFlow,33,nKa,nVmax,0.0573816024812258,-2.39285472544259e-06
WorkFlow,33,nKa,nKm,0.0573816024812258,0.490354580799231
WorkFlow,33,nKa,nV,0.0573816024812258,0.0911116853621228
WorkFlow,34,nVmax,nKm,-4.94097723507114e-05,-0.27305730430621
WorkFlow,34,nVmax,nV,-4.94097723507114e-05,0.853284512515655
WorkFlow,34,nVmax,nKa,-4.94097723507114e-05,0.686243367840601
WorkFlow,34,nKm,nVmax,-0.27305730430621,-4.94097723507114e-05
WorkFlow,34,nKm,nV,-0.27305730430621,0.853284512515655
WorkFlow,34,nKm,nKa,-0.27305730430621,0.686243367840601
WorkFlow,34,nV,nVmax,0.853284512515655,-4.94097723507114e-05
WorkFlow,34,nV,nKm,0.853284512515655,-0.27305730430621
WorkFlow,34,nV,nKa,0.853284512515655,0.686243367840601
WorkFlow,34,nKa,nVmax,0.686243367840601,-4.94097723507114e-05
WorkFlow,34,nKa,nKm,0.686243367840601,-0.27305730430621
WorkFlow,34,nKa,nV,0.686243367840601,0.853284512515655
WorkFlow,35,nVmax,nKm,0.000164854975744736,0.444711510472696
WorkFlow,35,nVmax,nV,0.000164854975744736,-1.47859114399436
WorkFlow,35,nVmax,nKa,0.000164854975744736,0.0748910858430231
WorkFlow,35,nKm,nVmax,0.444711510472696,0.000164854975744736
WorkFlow,35,nKm,nV,0.444711510472696,-1.47859114399436
WorkFlow,35,nKm,nKa,0.444711510472696,0.0748910858430231
WorkFlow,35,nV,nVmax,-1.47859114399436,0.000164854975744736
WorkFlow,35,nV,nKm,-1.47859114399436,0.444711510472696
WorkFlow,35,nV,nKa,-1.47859114399436,0.0748910858430231
WorkFlow,35,nKa,nVmax,0.0748910858430231,0.000164854975744736
WorkFlow,35,nKa,nKm,0.0748910858430231,0.444711510472696
WorkFlow,35,nKa,nV,0.0748910858430231,-1.47859114399436
WorkFlow,36,nVmax,nKm,-2.73547222056576e-05,0.144249889697353
WorkFlow,36,nVmax,nV,-2.73547222056576e-05,-0.618612320694627
WorkFlow,36,nVmax,nKa,-2.73547222056576e-05,-0.559276951687814
WorkFlow,36,nKm,nVmax,0.144249889697353,-2.73547222056576e-05
WorkFlow,36,nKm,nV,0.144249889697353,-0.618612320694627
WorkFlow,36,nKm,nKa,0.144249889697353,-0.559276951687814
WorkFlow,36,nV,nVmax,-0.618612320694627,-2.73547222056576e-05
WorkFlow,36,nV,nKm,-0.618612320694627,0.144249889697353
WorkFlow,36,nV,nKa,-0.618612320694627,-0.559276951687814
WorkFlow,36,nKa,nVmax,-0.559276951687814,-2.73547222056576e-05
WorkFlow,36,nKa,nKm,-0.559276951687814,0.144249889697353
WorkFlow,36,nKa,nV,-0.559276951687814,-0.618612320694627
WorkFlow,37,nVmax,nKm,3.86265946407098e-05,-0.0999975829953693
WorkFlow,37,nVmax,nV,3.86265946407098e-05,-0.54560481886179
WorkFlow,37,nVmax,nKa,3.86265946407098e-05,0.155875393212257
WorkFlow,37,nKm,nVmax,-0.0999975829953693,3.86265946407098e-05
WorkFlow,37,nKm,nV,-0.0999975829953693,-0.54560481886179
WorkFlow,37,nKm,nKa,-0.0999975829953693,0.155875393212257
WorkFlow,37,nV,nVmax,-0.54560481886179,3.86265946407098e-05
WorkFlow,37,nV,nKm,-0.54560481886179,-0.0999975829953693
WorkFlow,37,nV,nKa,-0.54560481886179,0.155875393212257
WorkFlow,37,nKa,nVmax,0.155875393212257,3.86265946407098e-05
WorkFlow,37,nKa,nKm,0.155875393212257,-0.0999975829953693
WorkFlow,37,nKa,nV,0.155875393212257,-0.54560481886179
WorkFlow,38,nVmax,nKm,-3.05159464619139e-05,-0.256627269064843
WorkFlow,38,nVmax,nV,-3.05159464619139e-05,0.495721660579903
WorkFlow,38,nVmax,nKa,-3.05159464619139e-05,0.0688161845146077
WorkFlow,38,nKm,nVmax,-0.256627269064843,-3.05159464619139e-05
WorkFlow,38,nKm,nV,-0.256627269064843,0.495721660579903
WorkFlow,38,nKm,nKa,-0.256627269064843,0.0688161845146077
WorkFlow,38,nV,nVmax,0.495721660579903,-3.05159464619139e-05
WorkFlow,38,nV,nKm,0.495721660579903,-0.256627269064843
WorkFlow,38,nV,nKa,0.495721660579903,0.0688161845146077
WorkFlow,38,nKa,nVmax,0.0688161845146077,-3.05159464619139e-05
WorkFlow,38,nKa,nKm,0.0688161845146077,-0.256627269064843
WorkFlow,38,nKa,nV,0.0688161845146077,0.495721660579903
WorkFlow,39,nVmax,nKm,1.74702824192444e-05,0.181675096977728
WorkFlow,39,nVmax,nV,1.74702824192444e-05,-0.14573553116052
WorkFlow,39,nVmax,nKa,1.74702824192444e-05,-0.309502646643436
WorkFlow,39,nKm,nVmax,0.181675096977728,1.74702824192444e-05
WorkFlow,39,nKm,nV,0.181675096977728,-0.14573553116052
WorkFlow,39,nKm,nKa,0.181675096977728,-0.309502646643436
WorkFlow,39,nV,nVmax,-0.14573553116052,1.74702824192444e-05
WorkFlow,39,nV,nKm,-0.14573553116052,0.181675096977728
WorkFlow,39,nV,nKa,-0.14573553116052,-0.309502646643436
WorkFlow,39,nKa,nVmax,-0.309502646643436,1.74702824192444e-05
WorkFlow,39,nKa,nKm,-0.309502646643436,0.181675096977728
WorkFlow,39,nKa,nV,-0.309502646643436,-0.14573553116052
WorkFlow,40,nVmax,nKm,9.455654967707e-05,-0.532675265876741
WorkFlow,40,nVmax,nV,9.455654967707e-05,-0.503550172407675
WorkFlow,40,nVmax,nKa,9.455654967707e-05,-0.428155765335164
WorkFlow,40,nKm,nVmax,-0.532675265876741,9.455654967707e-05
WorkFlow,40,nKm,nV,-0.532675265876741,-0.503550172407675
WorkFlow,40,nKm,nKa,-0.532675265876741,-0.428155765335164
WorkFlow,40,nV,nVmax,-0.503550172407675,9.455654967707e-05
WorkFlow,40,nV,nKm,-0.503550172407675,-0.532675265876741
WorkFlow,40,nV,nKa,-0.503550172407675,-0.428155765335164
WorkFlow,40,nKa,nVmax,-0.428155765335164,9.455654967707e-05
WorkFlow,40,nKa,nKm,-0.428155765335164,-0.532675265876741
WorkFlow,40,nKa,nV,-0.428155765335164,-0.503550172407675
WorkFlow,41,nVmax,nKm,-2.87550764678947e-05,0.0849402377035962
WorkFlow,41,nVmax,nV,-2.87550764678947e-05,0.451104339596479
WorkFlow,41,nVmax,nKa,-2.87550764678947e-05,0.698741000426466
WorkFlow,41,nKm,nVmax,0.0849402377035962,-2.87550764678947e-05
WorkFlow,41,nKm,nV,0.0849402377035962,0.451104339596479
WorkFlow,41,nKm,nKa,0.0849402377035962,0.698741000426466
WorkFlow,41,nV,nVmax,0.451104339596479,-2.87550764678947e-05
WorkFlow,41,nV,nKm,0.451104339596479,0.0849402377035962
WorkFlow,41,nV,nKa,0.451104339596479,0.698741000426466
WorkFlow,41,nKa,nVmax,0.698741000426466,-2.87550764678947e-05
WorkFlow,41,nKa,nKm,0.698741000426466,0.0849402377035962
WorkFlow,41,nKa,nV,0.698741000426466,0.451104339596479
WorkFlow,42,nVmax,nKm,5.09891952605814e-05,-0.248591629449236
WorkFlow,42,nVmax,nV,5.09891952605814e-05,-1.06245739811267
WorkFlow,42,nVmax,nKa,5.09891952605814e-05,0.500720828497016
WorkFlow,42,nKm,nVmax,-0.248591629449236,5.09891952605814e-05
WorkFlow,42,nKm,nV,-0.248591629449236,-1.06245739811267
WorkFlow,42,nKm,nKa,-0.248591629449236,0.500720828497016
WorkFlow,42,nV,nVmax,-1.06245739811267,5.09891952605814e-05
WorkFlow,42,nV,nKm,-1.06245739811267,-0.248591629449236
WorkFlow,42,nV,nKa,-1.06245739811267,0.500720828497016
WorkFlow,42,nKa,nVmax,0.500720828497016,5.09891952605814e-05
WorkFlow,42,nKa,nKm,0.500720828497016,-0.248591629449236
WorkFlow,42,nKa,nV,0.500720828497016,-1.06245739811267
WorkFlow,43,nVmax,nKm,5.88150132687784e-05,0.595684827719051
WorkFlow,43,nVmax,nV,5.88150132687784e-05,-0.571066716177515
WorkFlow,43,nVmax,nKa,5.88150132687784e-05,0.284465629879801
WorkFlow,43,nKm,nVmax,0.595684827719051,5.88150132687784e-05
WorkFlow,43,nKm,nV,0.595684827719051,-0.571066716177515
WorkFlow,43,nKm,nKa,0.595684827719051,0.284465629879801
WorkFlow,43,nV,nVmax,-0.571066716177515,5.88150132687784e-05
WorkFlow,43,nV,nKm,-0.571066716177515,0.595684827719051
WorkFlow,43,nV,nKa,-0.571066716177515,0.284465629879801
WorkFlow,43,nKa,nVmax,0.284465629879801,5.88150132687784e-05
WorkFlow,43,nKa,nKm,0.284465629879801,0.595684827719051
WorkFlow,43,nKa,nV,0.284465629879801,-0.571066716177515
WorkFlow,44,nVmax,nKm,3.46298978069311e-06,-0.402688880679495
WorkFlow,44,nVmax,nV,3.46298978069311e-06,-0.216158057294247
WorkFlow,44,nVmax,nKa,3.46298978069311e-06,0.0641076001688996
WorkFlow,44,nKm,nVmax,-0.402688880679495,3.46298978069311e-06
WorkFlow,44,nKm,nV,-0.402688880679495,-0.216158057294247
WorkFlow,44,nKm,nKa,-0.402688880679495,0.0641076001688996
WorkFlow,44,nV,nVmax,-0.216158057294247,3.46298978069311e-06
WorkFlow,44,nV,nKm,-0.216158057294247,-0.402688880679495
WorkFlow,44,nV,nKa,-0.216158057294247,0.0641076001688996
WorkFlow,44,nKa,nVmax,0.0641076001688996,3.46298978069311e-06
WorkFlow,44,nKa,nKm,0.0641076001688996,-0.402688880679495
WorkFlow,44,nKa,nV,0.0641076001688996,-0.216158057294247
WorkFlow,45,nVmax,nKm,7.72797588199926e-05,-0.40466522549196
WorkFlow,45,nVmax,nV,7.72797588199926e-05,-0.649044733901972
WorkFlow,45,nVmax,nKa,7.72797588199926e-05,0.210667686411536
WorkFlow,45,nKm,nVmax,-0.40466522549196,7.72797588199926e-05
WorkFlow,45,nKm,nV,-0.40466522549196,-0.649044733901972
WorkFlow,45,nKm,nKa,-0.40466522549196,0.210667686411536
WorkFlow,45,nV,nVmax,-0.649044733901972,7.72797588199926e-05
WorkFlow,45,nV,nKm,-0.649044733901972,-0.40466522549196
WorkFlow,45,nV,nKa,-0.649044733901972,0.210667686411536
WorkFlow,45,nKa,nVmax,0.210667686411536,7.72797588199926e-05
WorkFlow,45,nKa,nKm,0.210667686411536,-0.40466522549196
WorkFlow,45,nKa,nV,0.210667686411536,-0.649044733901972
WorkFlow,46,nVmax,nKm,-7.14594144043112e-05,-0.25600485873862
WorkFlow,46,nVmax,nV,-7.14594144043112e-05,0.924760981915811
WorkFlow,46,nVmax,nKa,-7.14594144043112e-05,0.777763256055034
WorkFlow,46,nKm,nVmax,-0.25600485873862,-7.14594144043112e-05
WorkFlow,46,nKm,nV,-0.25600485873862,0.924760981915811
WorkFlow,46,nKm,nKa,-0.25600485873862,0.777763256055034
WorkFlow,46,nV,nVmax,0.924760981915811,-7.14594144043112e-05
WorkFlow,46,nV,nKm,0.924760981915811,-0.25600485873862
WorkFlow,46,nV,nKa,0.924760981915811,0.777763256055034
WorkFlow,46,nKa,nVmax,0.777763256055034,-7.14594144043112e-05
WorkFlow,46,nKa,nKm,0.777763256055034,-0.25600485873862
WorkFlow,46,nKa,nV,0.777763256055034,0.924760981915811
WorkFlow,47,nVmax,nKm,4.13684044757252e-05,-0.100738661828054
WorkFlow,47,nVmax,nV,4.13684044757252e-05,-0.216179631762884
WorkFlow,47,nVmax,nKa,4.13684044757252e-05,1.08476790995056
WorkFlow,47,nKm,nVmax,-0.100738661828054,4.13684044757252e-05
WorkFlow,47,nKm,nV,-0.100738661828054,-0.216179631762884
WorkFlow,47,nKm,nKa,-0.100738661828054,1.08476790995056
WorkFlow,47,nV,nVmax,-0.216179631762884,4.13684044757252e-05
WorkFlow,47,nV,nKm,-0.216179631762884,-0.100738661828054
WorkFlow,47,nV,nKa,-0.216179631762884,1.08476790995056
WorkFlow,47,nKa,nVmax,1.08476790995056,4.13684044757252e-05
WorkFlow,47,nKa,nKm,1.08476790995056,-0.100738661828054
WorkFlow,47,nKa,nV,1.08476790995056,-0.216179631762884
WorkFlow,48,nVmax,nKm,4.93358692082393e-06,0.00248482626278354
WorkFlow,48,nVmax,nV,4.93358692082393e-06,0.0995383207660415
WorkFlow,48,nVmax,nKa,4.93358692082393e-06,0.0912671401786595
WorkFlow,48,nKm,nVmax,0.00248482626278354,4.93358692082393e-06
WorkFlow,48,nKm,nV,0.00248482626278354,0.0995383207660415
WorkFlow,48,nKm,nKa,0.00248482626278354,0.0912671401786595
WorkFlow,48,nV,nVmax,0.0995383207660415,4.93358692082393e-06
WorkFlow,48,nV,nKm,0.0995383207660415,0.00248482626278354
WorkFlow,48,nV,nKa,0.0995383207660415,0.0912671401786595
WorkFlow,48,nKa,nVmax,0.0912671401786595,4.93358692082393e-06
WorkFlow,48,nKa,nKm,0.0912671401786595,0.00248482626278354
WorkFlow,48,nKa,nV,0.0912671401786595,0.0995383207660415
WorkFlow,49,nVmax,nKm,0.000100566595409293,0.552571257875751
WorkFlow,49,nVmax,nV,0.000100566595409293,-0.944178405145081
WorkFlow,49,nVmax,nKa,0.000100566595409293,-0.377800626261289
WorkFlow,49,nKm,nVmax,0.552571257875751,0.000100566595409293
WorkFlow,49,nKm,nV,0.552571257875751,-0.944178405145081
WorkFlow,49,nKm,nKa,0.552571257875751,-0.377800626261289
WorkFlow,49,nV,nVmax,-0.944178405145081,0.000100566595409293
WorkFlow,49,nV,nKm,-0.944178405145081,0.552571257875751
WorkFlow,49,nV,nKa,-0.944178405145081,-0.377800626261289
WorkFlow,49,nKa,nVmax,-0.377800626261289,0.000100566595409293
WorkFlow,49,nKa,nKm,-0.377800626261289,0.552571257875751
WorkFlow,49,nKa,nV,-0.377800626261289,-0.944178405145081
WorkFlow,50,nVmax,nKm,0.000108172307382437,0.35227987216968
WorkFlow,50,nVmax,nV,0.000108172307382437,-0.901760915161879
WorkFlow,50,nVmax,nKa,0.000108172307382437,0.12386695916798
WorkFlow,50,nKm,nVmax,0.35227987216968,0.000108172307382437
WorkFlow,50,nKm,nV,0.35227987216968,-0.901760915161879
WorkFlow,50,nKm,nKa,0.35227987216968,0.12386695916798
WorkFlow,50,nV,nVmax,-0.901760915161879,0.000108172307382437
WorkFlow,50,nV,nKm,-0.901760915161879,0.35227987216968
WorkFlow,50,nV,nKa,-0.901760915161879,0.12386695916798
WorkFlow,50,nKa,nVmax,0.12386695916798,0.000108172307382437
WorkFlow,50,nKa,nKm,0.12386695916798,0.35227987216968
WorkFlow,50,nKa,nV,0.12386695916798,-0.901760915161879
WorkFlow,51,nVmax,nKm,4.90291012277952e-05,0.250922477366114
WorkFlow,51,nVmax,nV,4.90291012277952e-05,-0.422611384036549
WorkFlow,51,nVmax,nKa,4.90291012277952e-05,-0.638845299132752
WorkFlow,51,nKm,nVmax,0.250922477366114,4.90291012277952e-05
WorkFlow,51,nKm,nV,0.250922477366114,-0.422611384036549
WorkFlow,51,nKm,nKa,0.250922477366114,-0.638845299132752
WorkFlow,51,nV,nVmax,-0.422611384036549,4.90291012277952e-05
WorkFlow,51,nV,nKm,-0.422611384036549,0.250922477366114
WorkFlow,51,nV,nKa,-0.422611384036549,-0.638845299132752
WorkFlow,51,nKa,nVmax,-0.638845299132752,4.90291012277952e-05
WorkFlow,51,nKa,nKm,-0.638845299132752,0.250922477366114
WorkFlow,51,nKa,nV,-0.638845299132752,-0.422611384036549
WorkFlow,52,nVmax,nKm,-1.32660751853139e-05,0.512515246725846
WorkFlow,52,nVmax,nV,-1.32660751853139e-05,0.224454662420666
WorkFlow,52,nVmax,nKa,-1.32660751853139e-05,-0.377917463249937
WorkFlow,52,nKm,nVmax,0.512515246725846,-1.32660751853139e-05
WorkFlow,52,nKm,nV,0.512515246725846,0.224454662420666
WorkFlow,52,nKm,nKa,0.512515246725846,-0.377917463249937
WorkFlow,52,nV,nVmax,0.224454662420666,-1.32660751853139e-05
WorkFlow,52,nV,nKm,0.224454662420666,0.512515246725846
WorkFlow,52,nV,nKa,0.224454662420666,-0.377917463249937
WorkFlow,52,nKa,nVmax,-0.377917463249937,-1.32660751853139e-05
WorkFlow,52,nKa,nKm,-0.377917463249937,0.512515246725846
WorkFlow,52,nKa,nV,-0.377917463249937,0.224454662420666
WorkFlow,53,nVmax,nKm,4.80504666258531e-05,-0.0755151124539873
WorkFlow,53,nVmax,nV,4.80504666258531e-05,-0.452484332738903
WorkFlow,53,nVmax,nKa,4.80504666258531e-05,-0.394983610886271
WorkFlow,53,nKm,nVmax,-0.0755151124539873,4.80504666258531e-05
WorkFlow,53,nKm,nV,-0.0755151124539873,-0.452484332738903
WorkFlow,53,nKm,nKa,-0.0755151124539873,-0.394983610886271
WorkFlow,53,nV,nVmax,-0.452484332738903,4.80504666258531e-05
WorkFlow,53,nV,nKm,-0.452484332738903,-0.0755151124539873
WorkFlow,53,nV,nKa,-0.452484332738903,-0.394983610886271
WorkFlow,53,nKa,nVmax,-0.394983610886271,4.80504666258531e-05
WorkFlow,53,nKa,nKm,-0.394983610886271,-0.0755151124539873
WorkFlow,53,nKa,nV,-0.394983610886271,-0.452484332738903
WorkFlow,54,nVmax,nKm,-4.30881677554467e-05,-0.501029819932901
WorkFlow,54,nVmax,nV,-4.30881677554467e-05,0.618661367963502
WorkFlow,54,nVmax,nKa,-4.30881677554467e-05,-0.624002490675286
WorkFlow,54,nKm,nVmax,-0.501029819932901,-4.30881677554467e-05
WorkFlow,54,nKm,nV,-0.501029819932901,0.618661367963502
WorkFlow,54,nKm,nKa,-0.501029819932901,-0.624002490675286
WorkFlow,54,nV,nVmax,0.618661367963502,-4.30881677554467e-05
WorkFlow,54,nV,nKm,0.618661367963502,-0.501029819932901
WorkFlow,54,nV,nKa,0.618661367963502,-0.624002490675286
WorkFlow,54,nKa,nVmax,-0.624002490675286,-4.30881677554467e-05
WorkFlow,54,nKa,nKm,-0.624002490675286,-0.501029819932901
WorkFlow,54,nKa,nV,-0.624002490675286,0.618661367963502
WorkFlow,55,nVmax,nKm,9.4725952365341e-06,0.034700883096551
WorkFlow,55,nVmax,nV,9.4725952365341e-06,-0.171717524856557
WorkFlow,55,nVmax,nKa,9.4725952365341e-06,-0.585413718793923
WorkFlow,55,nKm,nVmax,0.034700883096551,9.4725952365341e-06
WorkFlow,55,nKm,nV,0.034700883096551,-0.171717524856557
WorkFlow,55,nKm,nKa,0.034700883096551,-0.585413718793923
WorkFlow,55,nV,nVmax,-0.171717524856557,9.4725952365341e-06
WorkFlow,55,nV,nKm,-0.171717524856557,0.034700883096551
WorkFlow,55,nV,nKa,-0.171717524856557,-0.585413718793923
WorkFlow,55,nKa,nVmax,-0.585413718793923,9.4725952365341e-06
WorkFlow,55,nKa,nKm,-0.585413718793923,0.034700883096551
WorkFlow,55,nKa,nV,-0.585413718793923,-0.171717524856557
WorkFlow,56,nVmax,nKm,0.000133801829109727,-0.753607006137288
WorkFlow,56,nVmax,nV,0.000133801829109727,-0.638400458900288
WorkFlow,56,nVmax,nKa,0.000133801829109727,0.41782461959143
WorkFlow,56,nKm,nVmax,-0.753607006137288,0.000133801829109727
WorkFlow,56,nKm,nV,-0.753607006137288,-0.638400458900288
WorkFlow,56,nKm,nKa,-0.753607006137288,0.41782461959143
WorkFlow,56,nV,nVmax,-0.638400458900288,0.000133801829109727
WorkFlow,56,nV,nKm,-0.638400458900288,-0.753607006137288
WorkFlow,56,nV,nKa,-0.638400458900288,0.41782461959143
WorkFlow,56,nKa,nVmax,0.41782461959143,0.000133801829109727
WorkFlow,56,nKa,nKm,0.41782461959143,-0.753607006137288
WorkFlow,56,nKa,nV,0.41782461959143,-0.638400458900288
WorkFlow,57,nVmax,nKm,-4.52679011463622e-06,-0.0040020291445139
WorkFlow,57,nVmax,nV,-4.52679011463622e-06,-0.0527841492794555
WorkFlow,57,nVmax,nKa,-4.52679011463622e-06,-0.179107110410648
WorkFlow,57,nKm,nVmax,-0.0040020291445139,-4.52679011463622e-06
WorkFlow,57,nKm,nV,-0.0040020291445139,-0.0527841492794555
WorkFlow,57,nKm,nKa,-0.0040020291445139,-0.179107110410648
WorkFlow,57,nV,nVmax,-0.0527841492794555,-4.52679011463622e-06
WorkFlow,57,nV,nKm,-0.0527841492794555,-0.0040020291445139
WorkFlow,57,nV,nKa,-0.0527841492794555,-0.179107110410648
WorkFlow,57,nKa,nVmax,-0.179107110410648,-4.52679011463622e-06
WorkFlow,57,nKa,nKm,-0.179107110410648,-0.0040020291445139
WorkFlow,57,nKa,nV,-0.179107110410648,-0.0527841492794555
WorkFlow,58,nVmax,nKm,-2.40670080708225e-05,-0.658782655378586
WorkFlow,58,nVmax,nV,-2.40670080708225e-05,0.339897368098457
WorkFlow,58,nVmax,nKa,-2.40670080708225e-05,0.116470631287939
WorkFlow,58,nKm,nVmax,-0.658782655378586,-2.40670080708225e-05
WorkFlow,58,nKm,nV,-0.658782655378586,0.339897368098457
WorkFlow,58,nKm,nKa,-0.658782655378586,0.116470631287939
WorkFlow,58,nV,nVmax,0.339897368098457,-2.40670080708225e-05
WorkFlow,58,nV,nKm,0.339897368098457,-0.658782655378586
WorkFlow,58,nV,nKa,0.339897368098457,0.116470631287939
WorkFlow,58,nKa,nVmax,0.116470631287939,-2.40670080708225e-05
WorkFlow,58,nKa,nKm,0.116470631287939,-0.658782655378586
WorkFlow,58,nKa,nV,0.116470631287939,0.339897368098457
WorkFlow,59,nVmax,nKm,-2.68054734819166e-05,-0.177809973225983
WorkFlow,59,nVmax,nV,-2.68054734819166e-05,0.43304054337129
WorkFlow,59,nVmax,nKa,-2.68054734819166e-05,-0.056135449879675
WorkFlow,59,nKm,nVmax,-0.177809973225983,-2.68054734819166e-05
WorkFlow,59,nKm,nV,-0.177809973225983,0.43304054337129
WorkFlow,59,nKm,nKa,-0.177809973225983,-0.056135449879675
WorkFlow,59,nV,nVmax,0.43304054337129,-2.68054734819166e-05
WorkFlow,59,nV,nKm,0.43304054337129,-0.177809973225983
WorkFlow,59,nV,nKa,0.43304054337129,-0.056135449879675
WorkFlow,59,nKa,nVmax,-0.056135449879675,-2.68054734819166e-05
WorkFlow,59,nKa,nKm,-0.056135449879675,-0.177809973225983
WorkFlow,59,nKa,nV,-0.056135449879675,0.43304054337129
WorkFlow,60,nVmax,nKm,-5.22628014750361e-05,-0.27327341285822
WorkFlow,60,nVmax,nV,-5.22628014750361e-05,0.478490951239268
WorkFlow,60,nVmax,nKa,-5.22628014750361e-05,-0.212516604600442
WorkFlow,60,nKm,nVmax,-0.27327341285822,-5.22628014750361e-05
WorkFlow,60,nKm,nV,-0.27327341285822,0.478490951239268
WorkFlow,60,nKm,nKa,-0.27327341285822,-0.212516604600442
WorkFlow,60,nV,nVmax,0.478490951239268,-5.22628014750361e-05
WorkFlow,60,nV,nKm,0.478490951239268,-0.27327341285822
WorkFlow,60,nV,nKa,0.478490951239268,-0.212516604600442
WorkFlow,60,nKa,nVmax,-0.212516604600442,-5.22628014750361e-05
WorkFlow,60,nKa,nKm,-0.212516604600442,-0.27327341285822
WorkFlow,60,nKa,nV,-0.212516604600442,0.478490951239268
